config,sim_mean,test_mean,sim_std,test_std,n_sim,n_test,gap
POWERMOD-A,127.39099999999999,135.84150000000002,45.7800958999896,36.13616611538899,50,80,8.450500000000034
POWERMOD-B,123.54,109.9566666666667,41.680155851876734,8.701875276820116,50,3,-13.5833333333333
POWERMOD-C,134.43640000000002,134.78,49.50322684844053,33.021886681411765,50,2,0.3435999999999808
POWERMOD-D,144.315,175.5625,51.282328390021846,29.29751795516699,50,4,31.247500000000002
