thermocouple_id,n,mean_residual_C,std_residual_C,median_residual_C,mean_abs_residual_C,min_residual_C,max_residual_C
TC_02,19,26.994210526315808,9.013856811591976,26.920000000000044,26.994210526315808,9.180000000000021,41.02000000000001
TC_06,14,26.470714285714312,7.503529901920224,25.710000000000008,26.470714285714312,16.05000000000001,42.640000000000015
TC_01,17,24.547647058823554,10.980361178834109,28.27000000000001,24.547647058823554,4.3799999999999955,40.880000000000024
TC_04,15,23.914666666666687,7.565956522161503,23.25,23.914666666666687,9.990000000000038,35.55000000000004
TC_05,16,22.734375000000025,11.211266933313112,23.41500000000002,22.734375000000025,7.17000000000003,38.83000000000004
TC_03,8,22.475000000000033,7.53580406175365,20.415000000000035,22.475000000000033,15.250000000000043,34.49000000000004
